FF,AI,AD,AG,FidIn,SPS,COMP
0.4216724,100.0,0.0,79.64746,1.0,0.3781777340879199,10.82017820443161
