FF,AI,AD,AG,FidIn,SPS,COMP
0.1960383,0.0,6.445338,0.0,1.0,0.4203551572859469,10.976254937824049
