FF,AI,AD,AG,FidIn,SPS,COMP
0.21059579,0.0,29.13991,0.0,1.0,0.7577679344227859,10.156623194359927
