FF,AI,AD,AG,FidIn,SPS,COMP
0.17318285,0.0,32.182037,0.0,1.0,0.9015293986032481,8.977272739464281
