FF,AI,AD,AG,FidIn,SPS,COMP
0.52096534,0.0,3.6342378,0.0,1.0,0.8298872559654014,9.523982546097496
