FF,AI,AD,AG,FidIn,SPS,COMP
0.05634439,0.0,85.112434,0.0,0.0,0.9656738936866436,7.923348211930153
