FF,AI,AD,AG,FidIn,SPS,COMP
0.19810694,0.0,19.349924,0.0,1.0,0.002478999692549693,11.295261629899246
