FF,AI,AD,AG,FidIn,SPS,COMP
0.19816053,0.0,19.353178,0.0,1.0,0.002854605485598119,11.295259681563245
