FF,AI,AD,AG,FidIn,SPS,COMP
0.6203809,0.0,0.16161928,0.0,1.0,0.6971566922609737,10.100738771884386
