FF,AI,AD,AG,FidIn,SPS,COMP
0.12975454,0.0,45.947704,0.0,1.0,0.9235701047286786,8.723882104658488
