FF,AI,AD,AG,FidIn,SPS,COMP
0.35391098,100.0,0.0,54.90441,1.0,0.4953194528300853,10.611449451234092
