FF,AI,AD,AG,FidIn,SPS,COMP
0.9962649,0.0,97.47058,0.0,0.0,0.7898447373484236,9.08801768080027
