FF,AI,AD,AG,FidIn,SPS,COMP
0.99211496,0.0,97.09657,0.0,0.0,0.045533379888971645,10.370926005716289
