FF,AI,AD,AG,FidIn,SPS,COMP
0.0053130984,0.0,99.87965,0.0,0.0,0.9993676864974964,2.302585092994046
