FF,AI,AD,AG,FidIn,SPS,COMP
0.9006011,0.0,99.68307,0.0,0.0,0.9849610126316894,6.1779441140506
