FF,AI,AD,AG,FidIn,SPS,COMP
0.007310927,0.0,99.95631,0.0,0.0,0.9983166857702576,3.951243718581427
