FF,AI,AD,AG,FidIn,SPS,COMP
0.01054126,100.0,0.0,74.72717,1.0,0.00047333316163424607,10.375488703611325
