FF,AI,AD,AG,FidIn,SPS,COMP
0.0028017163,100.0,0.0,53.929634,1.0,0.00023629003653506447,10.375488990537104
