FF,AI,AD,AG,FidIn,SPS,COMP
0.996864,0.0,99.98425,0.0,0.0,0.7000060041847641,9.171495588152613
