FF,AI,AD,AG,FidIn,SPS,COMP
0.997039,0.0,99.98148,0.0,0.0,0.49999990000002015,9.682342003884589
