FF,AI,AD,AG,FidIn,SPS,COMP
0.001036644,0.0,0.0007987018,0.0,1.0,0.5604726768740396,9.55343349919151
