FF,AI,AD,AG,FidIn,SPS,COMP
0.0064499974,0.0,0.106686294,0.0,1.0,0.5062508207926364,9.943444566447637
