FF,AI,AD,AG,FidIn,SPS,COMP
0.001385808,0.0,7.636358,0.0,1.0,0.7040595044671871,9.355552387933033
