FF,AI,AD,AG,FidIn,SPS,COMP
3.5881996e-05,0.0,0.016832342,0.0,1.0,0.6626432666516126,9.28887424963029
