FF,AI,AD,AG,FidIn,SPS,COMP
2.3841858e-06,0.0,97.19864,0.0,0.0,0.9328516546434599,7.6746174973643635
