FF,AI,AD,AG,FidIn,SPS,COMP
1.6212463e-05,0.0,3.8038948,0.0,1.0,0.7607282249789555,8.94533261656327
