FF,AI,AD,AG,FidIn,SPS,COMP
0.011006534,0.0,0.02729295,0.0,1.0,0.047060756973844715,10.371707067282008
