FF,AI,AD,AG,FidIn,SPS,COMP
0.009203792,0.0,0.032103043,0.0,1.0,0.03460087853648749,10.37311423978554
