FF,AI,AD,AG,FidIn,SPS,COMP
2.6226044e-06,0.0,97.51631,0.0,0.0,0.9492246773767005,7.395107546562485
