FF,AI,AD,AG,FidIn,SPS,COMP
0.031025827,0.0,2.3841843e-05,0.0,1.0,0.49999990000002015,9.682342003884589
