FF,AI,AD,AG,FidIn,SPS,COMP
0.99654526,0.0,2.6573136,0.0,1.0,0.24001992849744136,10.10102607513495
