FF,AI,AD,AG,FidIn,SPS,COMP
0.99521494,0.0,7.569147,0.0,1.0,0.504891003792747,9.937348461941856
