FF,AI,AD,AG,FidIn,SPS,COMP
0.9949679,0.0,13.857138,0.0,1.0,0.6694914904336237,9.536829893250937
