FF,AI,AD,AG,FidIn,SPS,COMP
0.006539643,0.0,99.10918,0.0,0.0,0.9736115794041419,6.740519359606225
