FF,AI,AD,AG,FidIn,SPS,COMP
0.8636442,0.0,14.998336,0.0,1.0,0.9003546353549876,8.069342366811636
