FF,AI,AD,AG,FidIn,SPS,COMP
0.99378884,0.0,20.07125,0.0,1.0,0.7285114582069708,9.071652852202291
