FF,AI,AD,AG,FidIn,SPS,COMP
0.005102992,0.0,0.046696085,0.0,1.0,0.019692009601431516,10.374724621528014
