FF,AI,AD,AG,FidIn,SPS,COMP
0.0052134395,0.0,0.046588793,0.0,1.0,0.018513268264184826,10.374768566978922
