FF,AI,AD,AG,FidIn,SPS,COMP
0.995546,0.0,2.4134376,0.0,1.0,0.48212939791951787,9.717459133810847
