FF,AI,AD,AG,FidIn,SPS,COMP
0.09311551,0.0,96.9033,0.0,0.0,0.938091049557846,7.59337419312129
