FF,AI,AD,AG,FidIn,SPS,COMP
0.99496365,0.0,22.81999,0.0,1.0,0.6907121020257881,9.202005735186129
