FF,AI,AD,AG,FidIn,SPS,COMP
0.9978878,0.0,99.776215,0.0,0.0,0.49644451219057734,9.689427619954962
