FF,AI,AD,AG,FidIn,SPS,COMP
0.00014436245,0.0,98.82149,0.0,0.0,0.753134217433244,9.250606041897495
