FF,AI,AD,AG,FidIn,SPS,COMP
0.050135314,0.0,1.0914856,0.0,1.0,0.06301197942083088,10.368229496024668
