FF,AI,AD,AG,FidIn,SPS,COMP
0.0,0.0,98.65378,0.0,0.0,0.9934354304625655,5.347107530717469
