FF,AI,AD,AG,FidIn,SPS,COMP
0.0,0.0,98.65378,0.0,0.0,0.9993480755190631,2.564949357461537
