FF,AI,AD,AG,FidIn,SPS,COMP
1.3113022e-06,0.0,99.99413,0.0,0.0,0.9414280333730646,7.53796265976821
