FF,AI,AD,AG,FidIn,SPS,COMP
0.0012334585,0.0,0.08756513,0.0,1.0,0.0016487743016671112,10.375481813711982
