FF,AI,AD,AG,FidIn,SPS,COMP
0.0013765097,0.0,0.08285041,0.0,1.0,0.0032439324901526075,10.37547020156336
