FF,AI,AD,AG,FidIn,SPS,COMP
1.0728836e-06,0.0,99.96244,0.0,0.0,0.9499731509015021,7.38025578842646
