FF,AI,AD,AG,FidIn,SPS,COMP
0.99059004,0.0,98.77149,0.0,0.0,0.7000060041847641,9.171495588152615
