FF,AI,AD,AG,FidIn,SPS,COMP
0.9974036,0.0,99.733475,0.0,0.0,0.49999990000002015,9.682342003884589
