FF,AI,AD,AG,FidIn,SPS,COMP
0.49364686,0.0,0.23171222,0.0,1.0,0.6634301431341204,10.206329136745733
