FF,AI,AD,AG,FidIn,SPS,COMP
0.2477147,0.0,65.71187,0.0,1.0,0.7764078271202189,10.015417400741375
