FF,AI,AD,AG,FidIn,SPS,COMP
0.3977297,0.0,21.654177,0.0,1.0,0.40857211081949,11.02531295456002
