FF,AI,AD,AG,FidIn,SPS,COMP
0.071446836,0.0,5.6811666,0.0,1.0,0.766113967389969,9.8423565525319
