FF,AI,AD,AG,FidIn,SPS,COMP
0.067441165,0.0,41.25641,0.0,1.0,0.8705006890377608,9.25119436598445
