FF,AI,AD,AG,FidIn,SPS,COMP
0.025455058,0.0,61.77343,0.0,1.0,0.9646297361007522,7.953318346560432
