FF,AI,AD,AG,FidIn,SPS,COMP
0.19082177,0.0,19.588058,0.0,1.0,0.006408411909056604,11.29517847520171
