FF,AI,AD,AG,FidIn,SPS,COMP
0.18889594,0.0,20.290443,0.0,1.0,0.017549350867793204,11.294790126693972
