FF,AI,AD,AG,FidIn,SPS,COMP
0.021505535,0.0,58.672176,0.0,1.0,0.9498495498438341,8.30251371851416
