FF,AI,AD,AG,FidIn,SPS,COMP
0.6124885,0.0,0.040163204,0.0,1.0,0.4999936842667497,10.602144526269672
