FF,AI,AD,AG,FidIn,SPS,COMP
0.9463165,100.0,0.0,0.031005742,1.0,0.0,0.0
