FF,AI,AD,AG,FidIn,SPS,COMP
0.18070519,0.0,0.7458208,0.0,1.0,0.6999910646463539,10.091335477455614
