FF,AI,AD,AG,FidIn,SPS,COMP
0.9744298,0.0,99.99945,0.0,0.0,0.4975944112197885,10.606931538573441
