FF,AI,AD,AG,FidIn,SPS,COMP
0.7558038,0.0,3.6644,0.0,1.0,0.033657999145764984,11.292134006390913
