FF,AI,AD,AG,FidIn,SPS,COMP
0.9294325,0.0,67.60056,0.0,0.0,0.8670697783700279,9.562778654760296
