FF,AI,AD,AG,FidIn,SPS,COMP
-0.0017325282,0.0,90.144646,0.0,0.0,0.999160313568856,4.02535169073515
