FF,AI,AD,AG,FidIn,SPS,COMP
-0.0060521364,0.0,90.53726,0.0,0.0,0.999181029665113,2.4849066497880004
