FF,AI,AD,AG,FidIn,SPS,COMP
0.025465608,0.0,89.09834,0.0,0.0,0.991956917389046,6.470799503782604
