FF,AI,AD,AG,FidIn,SPS,COMP
0.20670664,0.0,18.27509,0.0,1.0,4.627700126074875e-05,11.295279264732146
