FF,AI,AD,AG,FidIn,SPS,COMP
0.21905273,0.0,17.211329,0.0,1.0,9.224794850508903e-05,11.295279252047623
