FF,AI,AD,AG,FidIn,SPS,COMP
0.9744294,0.0,99.9996,0.0,0.0,0.6999910646463539,10.091335477455615
