FF,AI,AD,AG,FidIn,SPS,COMP
0.9744298,0.0,99.99945,0.0,0.0,0.4999936842667497,10.602144526269672
