FF,AI,AD,AG,FidIn,SPS,COMP
0.9186348,0.0,81.62164,0.0,0.0,0.9499862905781453,8.29978317194979
