FF,AI,AD,AG,FidIn,SPS,COMP
0.99411255,0.0,99.52413,0.0,0.0,0.49828458132252446,9.685766771390307
