FF,AI,AD,AG,FidIn,SPS,COMP
0.99639344,0.0,45.418106,0.0,1.0,0.035923131029258926,10.371865305737105
