FF,AI,AD,AG,FidIn,SPS,COMP
0.06778741,0.0,99.73248,0.0,0.0,0.8681488224880142,8.63160521562681
