FF,AI,AD,AG,FidIn,SPS,COMP
1.1920929e-06,0.0,99.99708,0.0,0.0,0.9975263592628159,4.356708826689593
