FF,AI,AD,AG,FidIn,SPS,COMP
0.105745494,0.0,99.22931,0.0,0.0,0.9790060642263554,6.511745329644729
