FF,AI,AD,AG,FidIn,SPS,COMP
2.6226044e-06,0.0,99.74849,0.0,0.0,0.9992813341633668,2.833213344056216
