FF,AI,AD,AG,FidIn,SPS,COMP
0.004817784,0.0,0.026780352,0.0,1.0,0.0003808566744705308,10.375488789876087
