FF,AI,AD,AG,FidIn,SPS,COMP
0.00233984,0.0,0.047802895,0.0,1.0,0.00019004692520154263,10.375489015879456
