FF,AI,AD,AG,FidIn,SPS,COMP
0.99465096,0.0,99.45372,0.0,0.0,0.7000060041847641,9.171495588152613
