FF,AI,AD,AG,FidIn,SPS,COMP
0.99934924,0.0,98.27262,0.0,0.0,0.9499731509015021,7.38025578842646
