FF,AI,AD,AG,FidIn,SPS,COMP
0.99411255,0.0,99.52413,0.0,0.0,0.49999990000002015,9.682342003884589
