FF,AI,AD,AG,FidIn,SPS,COMP
0.9993962,0.0,99.881424,0.0,0.0,0.5033681621166314,9.67558268412021
