FF,AI,AD,AG,FidIn,SPS,COMP
0.81293905,0.0,95.95561,0.0,0.0,0.8315438553683305,8.861753341781927
