FF,AI,AD,AG,FidIn,SPS,COMP
0.79110587,0.0,99.914955,0.0,0.0,0.02544839788189464,10.373731805008669
