FF,AI,AD,AG,FidIn,SPS,COMP
-2.1576881e-05,0.0,98.96326,0.0,0.0,0.999074391468797,1.3862943611198906
