FF,AI,AD,AG,FidIn,SPS,COMP
0.009155273,0.0,99.68298,0.0,0.0,0.9939020703654557,5.272999558563747
