FF,AI,AD,AG,FidIn,SPS,COMP
0.009440184,0.0,0.12604485,0.0,1.0,0.000291635106333676,10.37548879102753
