FF,AI,AD,AG,FidIn,SPS,COMP
0.02429676,0.0,0.062116403,0.0,1.0,0.0005818997922413304,10.375488284861705
