FF,AI,AD,AG,FidIn,SPS,COMP
0.99944246,0.0,99.89317,0.0,0.0,0.49999990000002015,9.682342003884589
