FF,AI,AD,AG,FidIn,SPS,COMP
0.98653543,0.0,99.62495,0.0,0.0,0.9499731509015021,7.380255788426461
