FF,AI,AD,AG,FidIn,SPS,COMP
0.97003955,0.0,99.93978,0.0,0.0,0.49017580205753,9.701799673251209
