FF,AI,AD,AG,FidIn,SPS,COMP
0.9702994,0.0,99.99923,0.0,0.0,0.7210431957179376,9.359308885095748
