FF,AI,AD,AG,FidIn,SPS,COMP
0.9704584,0.0,99.9978,0.0,0.0,0.08825332949233695,10.362171969845422
