FF,AI,AD,AG,FidIn,SPS,COMP
0.10179764,0.0,99.992935,0.0,0.0,0.9970959875601879,4.5217885770490405
