FF,AI,AD,AG,FidIn,SPS,COMP
0.9704691,0.0,99.22692,0.0,0.0,0.9515948404119059,7.347299700743164
