FF,AI,AD,AG,FidIn,SPS,COMP
0.035386145,0.0,99.701416,0.0,0.0,0.9992788596289118,1.791759469228055
