FF,AI,AD,AG,FidIn,SPS,COMP
-0.022873104,100.0,0.0,76.25461,1.0,0.0009454831326135734,10.375487690479522
