FF,AI,AD,AG,FidIn,SPS,COMP
-0.022479951,100.0,0.0,78.6236,1.0,0.0004814080227595518,10.37548863833942
