FF,AI,AD,AG,FidIn,SPS,COMP
0.9699934,0.0,99.935844,0.0,0.0,0.49999990000002015,9.682342003884589
