FF,AI,AD,AG,FidIn,SPS,COMP
0.96874505,0.0,99.95834,0.0,0.0,0.7000060041847641,9.171495588152613
