FF,AI,AD,AG,FidIn,SPS,COMP
0.9744261,0.0,99.99858,0.0,0.0,0.4915775813628903,10.618836441079758
