FF,AI,AD,AG,FidIn,SPS,COMP
0.0036366582,0.0,95.44263,0.0,0.0,0.7412558113085675,10.21273375970326
