FF,AI,AD,AG,FidIn,SPS,COMP
0.75820476,0.0,64.14456,0.0,1.0,0.07316690771364434,11.285570663305194
