FF,AI,AD,AG,FidIn,SPS,COMP
0.0023996234,0.0,95.67818,0.0,0.0,0.9957250165330849,5.834810737062605
