FF,AI,AD,AG,FidIn,SPS,COMP
0.00019270182,0.0,97.10873,0.0,0.0,0.9993666093453547,3.295836866004329
