FF,AI,AD,AG,FidIn,SPS,COMP
0.07012892,0.0,99.90895,0.0,0.0,0.9508688891330405,8.281977058867758
