FF,AI,AD,AG,FidIn,SPS,COMP
0.19386536,0.0,19.509518,0.0,1.0,0.0009692990023126562,11.295277609138747
