FF,AI,AD,AG,FidIn,SPS,COMP
0.19411248,0.0,19.460651,0.0,1.0,0.0004963324893566382,11.295278638343389
