FF,AI,AD,AG,FidIn,SPS,COMP
0.9744233,0.0,99.998695,0.0,0.0,0.4999936842667497,10.60214452626967
