FF,AI,AD,AG,FidIn,SPS,COMP
0.071978986,0.0,99.90955,0.0,0.0,0.9499862905781453,8.299783171949787
