FF,AI,AD,AG,FidIn,SPS,COMP
0.9717465,0.0,99.99857,0.0,0.0,0.6999910646463539,10.091335477455614
