FF,AI,AD,AG,FidIn,SPS,COMP
0.29037166,0.0,0.19089721,0.0,1.0,0.5004677141839767,9.681405937168297
