FF,AI,AD,AG,FidIn,SPS,COMP
0.003109634,0.0,94.853806,0.0,0.0,0.46476258664517733,10.022824804862548
