FF,AI,AD,AG,FidIn,SPS,COMP
0.0024502277,0.0,98.71568,0.0,0.0,0.7097295345381189,9.390207680224547
