FF,AI,AD,AG,FidIn,SPS,COMP
2.2292137e-05,0.0,98.859024,0.0,0.0,0.8287794560763276,8.610683534503577
