FF,AI,AD,AG,FidIn,SPS,COMP
1.2993813e-05,0.0,99.559875,0.0,0.0,0.7088320918846951,9.141633173966385
