FF,AI,AD,AG,FidIn,SPS,COMP
3.5762787e-05,0.0,97.98284,0.0,0.0,0.9358144102482523,7.629489916393993
