FF,AI,AD,AG,FidIn,SPS,COMP
0.0022850633,0.0,0.31465915,0.0,1.0,0.026396069478312356,10.374072650064623
