FF,AI,AD,AG,FidIn,SPS,COMP
0.0022798777,0.0,0.31268016,0.0,1.0,0.03355979639428406,10.373566343399023
