FF,AI,AD,AG,FidIn,SPS,COMP
1.9311905e-05,0.0,98.1243,0.0,0.0,0.9494741686486522,7.390181428226429
