FF,AI,AD,AG,FidIn,SPS,COMP
7.2717667e-06,0.0,94.83178,0.0,0.0,0.6989456261173446,9.175024026848618
