FF,AI,AD,AG,FidIn,SPS,COMP
0.2898625,0.0,0.1438256,0.0,1.0,0.49999990000002015,9.68234200388459
