FF,AI,AD,AG,FidIn,SPS,COMP
0.99913394,0.0,99.93591,0.0,0.0,0.49142330656641664,9.699349742461278
