FF,AI,AD,AG,FidIn,SPS,COMP
0.9980951,0.0,99.988754,0.0,0.0,0.7300654816432709,9.328250292100952
