FF,AI,AD,AG,FidIn,SPS,COMP
0.9983064,0.0,99.867256,0.0,0.0,0.051430526029186865,10.370860299185953
