FF,AI,AD,AG,FidIn,SPS,COMP
-8.34465e-07,0.0,99.299324,0.0,0.0,0.9993676864974964,2.3025850929940455
