FF,AI,AD,AG,FidIn,SPS,COMP
5.00679e-06,0.0,99.91394,0.0,0.0,0.9965712332507988,4.6913478822291435
