FF,AI,AD,AG,FidIn,SPS,COMP
0.9996806,0.0,99.99017,0.0,0.0,0.9585805198790943,7.191429330036379
