FF,AI,AD,AG,FidIn,SPS,COMP
0.003673315,0.0,0.31371137,0.0,1.0,0.000558765543218411,10.375488407398489
