FF,AI,AD,AG,FidIn,SPS,COMP
0.0036555529,0.0,0.32128146,0.0,1.0,0.0010860222290861794,10.375487143676951
