FF,AI,AD,AG,FidIn,SPS,COMP
0.999076,0.0,99.93248,0.0,0.0,0.49999990000002015,9.682342003884589
