FF,AI,AD,AG,FidIn,SPS,COMP
0.970003,100.0,0.0,36.04237,1.0,0.3502057844284733,9.944389543856552
