FF,AI,AD,AG,FidIn,SPS,COMP
0.7281624,100.0,0.0,95.7088,1.0,0.8115369037743638,8.946542488444832
