FF,AI,AD,AG,FidIn,SPS,COMP
0.74043536,100.0,0.0,99.35256,1.0,0.3976986893144797,10.0348054847556
