FF,AI,AD,AG,FidIn,SPS,COMP
0.9633968,100.0,0.0,96.73617,1.0,0.850080520797478,8.477828467893959
