FF,AI,AD,AG,FidIn,SPS,COMP
0.058988035,100.0,0.0,95.878044,1.0,0.02567486845908341,10.37346807312586
