FF,AI,AD,AG,FidIn,SPS,COMP
0.071115315,100.0,0.0,93.889145,1.0,0.034091315260058555,10.372882146435197
