FF,AI,AD,AG,FidIn,SPS,COMP
0.9700965,100.0,0.0,9.136666,1.0,0.669442162750417,9.268514936027255
