FF,AI,AD,AG,FidIn,SPS,COMP
0.93987334,0.0,0.60421556,0.0,1.0,0.864676257235944,8.375399185798353
