FF,AI,AD,AG,FidIn,SPS,COMP
0.9701857,100.0,0.0,65.39603,1.0,0.4844684688996782,9.71293219081507
