FF,AI,AD,AG,FidIn,SPS,COMP
0.08377218,0.0,98.95347,0.0,0.0,0.12462573426614232,10.242385416372178
