FF,AI,AD,AG,FidIn,SPS,COMP
-0.024204731,0.0,98.80218,0.0,0.0,0.6709874659416198,9.502507713978897
