FF,AI,AD,AG,FidIn,SPS,COMP
-0.027006567,0.0,99.080574,0.0,0.0,0.532420345435688,9.839224020201987
