FF,AI,AD,AG,FidIn,SPS,COMP
0.036614,0.0,98.38883,0.0,0.0,0.9230277429276994,7.811163385025281
