FF,AI,AD,AG,FidIn,SPS,COMP
-0.014205158,0.0,97.877365,0.0,0.0,0.7968746076925012,8.781555458546407
