FF,AI,AD,AG,FidIn,SPS,COMP
-0.004014015,0.0,98.138016,0.0,0.0,0.8281245181820988,8.614501373883233
