FF,AI,AD,AG,FidIn,SPS,COMP
-0.025459409,100.0,0.0,33.62107,1.0,0.03562981624692864,10.372349520038183
