FF,AI,AD,AG,FidIn,SPS,COMP
-0.025971055,100.0,0.0,18.454086,1.0,0.03670844818348172,10.372277238583738
