FF,AI,AD,AG,FidIn,SPS,COMP
-0.027126014,0.0,99.88377,0.0,0.0,0.4985652698337075,9.685207156887905
