FF,AI,AD,AG,FidIn,SPS,COMP
0.029088557,0.0,98.125946,0.0,0.0,0.9492246773767005,7.395107546562487
