FF,AI,AD,AG,FidIn,SPS,COMP
-0.025669336,0.0,99.96291,0.0,0.0,0.699631753103092,9.17274234156087
