FF,AI,AD,AG,FidIn,SPS,COMP
0.9699853,0.0,99.94968,0.0,0.0,0.5118823801612632,9.6582900916905
