FF,AI,AD,AG,FidIn,SPS,COMP
0.97047323,0.0,99.999855,0.0,0.0,0.034015513636148666,10.372380900548277
