FF,AI,AD,AG,FidIn,SPS,COMP
0.97034746,0.0,97.88388,0.0,0.0,0.8256298137724792,8.89189726208566
