FF,AI,AD,AG,FidIn,SPS,COMP
0.020279408,0.0,99.694984,0.0,0.0,0.9945239437168161,5.164785973923514
