FF,AI,AD,AG,FidIn,SPS,COMP
0.009985864,0.0,99.12167,0.0,0.0,0.9993632715556993,2.1972245773362196
