FF,AI,AD,AG,FidIn,SPS,COMP
-0.0010585785,0.0,99.38383,0.0,0.0,0.9992606211291801,2.890371757896164
