FF,AI,AD,AG,FidIn,SPS,COMP
0.025478423,100.0,0.0,94.71031,1.0,0.0005964220874929418,10.375488252635884
