FF,AI,AD,AG,FidIn,SPS,COMP
-0.008918762,100.0,0.0,91.49288,1.0,0.00029774688166355823,10.375488777133597
