FF,AI,AD,AG,FidIn,SPS,COMP
0.95702666,0.0,0.003021723,0.0,1.0,0.0,0.0
