FF,AI,AD,AG,FidIn,SPS,COMP
0.9686436,0.0,99.819595,0.0,0.0,0.9499731509015021,7.38025578842646
