FF,AI,AD,AG,FidIn,SPS,COMP
0.97008497,0.0,99.95627,0.0,0.0,0.49999990000002015,9.682342003884589
