FF,AI,AD,AG,FidIn,SPS,COMP
0.97003996,0.0,99.936714,0.0,0.0,0.7000060041847641,9.171495588152613
