FF,AI,AD,AG,FidIn,SPS,COMP
0.371392,0.0,13.323879,0.0,1.0,0.5498688898185196,9.577272530367566
