FF,AI,AD,AG,FidIn,SPS,COMP
0.13307434,0.0,98.650375,0.0,0.0,0.7489955202668902,9.230363039390898
