FF,AI,AD,AG,FidIn,SPS,COMP
0.12693071,0.0,97.91544,0.0,0.0,0.4532305917495178,10.035650373147924
