FF,AI,AD,AG,FidIn,SPS,COMP
0.06759858,0.0,97.96984,0.0,0.0,0.8437494600003459,8.519191194078907
