FF,AI,AD,AG,FidIn,SPS,COMP
0.051136315,0.0,31.023178,0.0,1.0,0.7131359789474759,9.126741348099866
