FF,AI,AD,AG,FidIn,SPS,COMP
0.03672844,0.0,97.10462,0.0,0.0,0.9374985000024002,7.602900462204756
