FF,AI,AD,AG,FidIn,SPS,COMP
0.004272163,100.0,0.0,30.789515,1.0,0.03265601453836355,10.37313638235203
