FF,AI,AD,AG,FidIn,SPS,COMP
0.007081151,0.0,0.04602722,0.0,1.0,0.040628813783683985,10.37247255554372
