FF,AI,AD,AG,FidIn,SPS,COMP
0.09994513,0.0,15.069334,0.0,1.0,0.69863375021359,9.176059437999307
