FF,AI,AD,AG,FidIn,SPS,COMP
0.9838071,100.0,0.0,0.028355317,1.0,0.0,0.0
