FF,AI,AD,AG,FidIn,SPS,COMP
0.030825138,0.0,96.462456,0.0,0.0,0.9492246773767005,7.395107546562485
