FF,AI,AD,AG,FidIn,SPS,COMP
0.73718596,0.0,14.011724,0.0,1.0,0.4995944610403079,9.683152553543955
