FF,AI,AD,AG,FidIn,SPS,COMP
0.9971627,0.0,99.98928,0.0,0.0,0.4916728074679106,9.69885903521963
