FF,AI,AD,AG,FidIn,SPS,COMP
0.7226565,0.0,99.21918,0.0,0.0,0.7519055897331882,9.240389566865192
