FF,AI,AD,AG,FidIn,SPS,COMP
0.9946927,0.0,99.60896,0.0,0.0,0.0560031347908073,10.369207737792937
