FF,AI,AD,AG,FidIn,SPS,COMP
0.0020965934,0.0,99.98898,0.0,0.0,0.9756696419418678,6.659293919683638
