FF,AI,AD,AG,FidIn,SPS,COMP
-0.0005785227,0.0,99.68729,0.0,0.0,0.9970343537952405,4.543294782270004
