FF,AI,AD,AG,FidIn,SPS,COMP
-5.120039e-05,0.0,98.740654,0.0,0.0,0.9993656301317032,2.3978952727983707
