FF,AI,AD,AG,FidIn,SPS,COMP
0.000238657,100.0,0.0,17.665363,1.0,0.0007493115878767373,10.375487502002322
