FF,AI,AD,AG,FidIn,SPS,COMP
0.00022536516,100.0,0.0,16.012032,1.0,0.0014710148910463859,10.375484942366725
