FF,AI,AD,AG,FidIn,SPS,COMP
0.9960323,0.0,99.99151,0.0,0.0,0.7000060041847641,9.171495588152613
