FF,AI,AD,AG,FidIn,SPS,COMP
0.9693875,0.0,99.956154,0.0,0.0,0.9499731509015021,7.38025578842646
