FF,AI,AD,AG,FidIn,SPS,COMP
0.9971547,0.0,99.98816,0.0,0.0,0.49999990000002015,9.682342003884589
