FF,AI,AD,AG,FidIn,SPS,COMP
0.9537841,0.0,0.0,0.0,1.0,0.43247871621031425,9.809012024313242
