FF,AI,AD,AG,FidIn,SPS,COMP
0.872138,0.0,0.0037670115,0.0,1.0,0.5012342218651646,9.93209563701048
