FF,AI,AD,AG,FidIn,SPS,COMP
0.7731166,0.0,0.0054359403,0.0,1.0,0.7032699193833553,9.36233118459068
