FF,AI,AD,AG,FidIn,SPS,COMP
0.97237265,0.0,0.0031232815,0.0,1.0,0.7088944670606061,9.141418926509765
