FF,AI,AD,AG,FidIn,SPS,COMP
0.90230095,0.0,0.18879163,0.0,1.0,0.7442923735986908,9.01176747459618
