FF,AI,AD,AG,FidIn,SPS,COMP
0.0017564297,0.0,0.024634585,0.0,1.0,0.016667618628905315,10.374911536523726
