FF,AI,AD,AG,FidIn,SPS,COMP
0.0015757084,0.0,0.022023903,0.0,1.0,0.01852946312583224,10.374842703567142
