FF,AI,AD,AG,FidIn,SPS,COMP
0.9735786,0.0,0.0029444676,0.0,1.0,0.6858156499788495,9.217713126305597
