FF,AI,AD,AG,FidIn,SPS,COMP
0.007812738,0.0,0.010812276,0.0,1.0,0.9020075625383728,8.052614818815567
