FF,AI,AD,AG,FidIn,SPS,COMP
0.9537841,0.0,0.0,0.0,1.0,0.4831897767648399,9.715409458629793
