FF,AI,AD,AG,FidIn,SPS,COMP
0.9970408,100.0,0.0,95.121185,1.0,0.3381673640740557,9.962746536411046
