FF,AI,AD,AG,FidIn,SPS,COMP
0.9957132,0.0,53.429665,0.0,1.0,0.6762838980200182,9.50083757862204
