FF,AI,AD,AG,FidIn,SPS,COMP
0.9950041,0.0,18.337177,0.0,1.0,0.4908303858450959,9.951665951710751
