FF,AI,AD,AG,FidIn,SPS,COMP
0.9970771,0.0,36.92666,0.0,1.0,0.8260661418339809,8.626406276389556
