FF,AI,AD,AG,FidIn,SPS,COMP
0.59837353,0.0,53.394436,0.0,1.0,0.9323838505761681,7.681560362559539
