FF,AI,AD,AG,FidIn,SPS,COMP
0.041328967,100.0,0.0,66.51722,1.0,0.015837859265492287,10.374982183112937
