FF,AI,AD,AG,FidIn,SPS,COMP
0.038348675,100.0,0.0,64.84425,1.0,0.013964611192261911,10.375040761303506
