FF,AI,AD,AG,FidIn,SPS,COMP
0.9963865,0.0,1.0384306,0.0,1.0,0.6857844623856906,9.217812386814884
