FF,AI,AD,AG,FidIn,SPS,COMP
0.9971772,100.0,0.0,19.37759,1.0,0.48952086218942314,9.703083488191407
